,SWIM_WE,S5P_TROPOMI_L3_P1D_CF,S5P_TROPOMI_L3_P1D_COT,S5P_TROPOMI_L3_P1D_CTH,S5P_TROPOMI_L3_P1D_HCHO,S5P_TROPOMI_L3_P1D_O3,S5P_TROPOMI_L3_P1D_SO2,S5P_TROPOMI_L4_P1D_NO2surf,ENMAP_HSI_L0_QL,ENMAP_HSI_L2A,DatKI_LBMDE_2021,D4H,S2_L2A_MAJA,S2_L2A_MAJA_v2,S2_L3A_WASP,DESIS_HSI_L2A,WSF_2015,WSF_2019,S5P_TROPOMI_L3_P1D_AI_v2,S5P_TROPOMI_L3_P1D_ALH_v2,S5P_TROPOMI_L3_P1D_AOD_v2,S5P_TROPOMI_L3_P1D_ASSA_v2,S5P_TROPOMI_L3_P1D_CF_v2,S5P_TROPOMI_L3_P1D_COT_v2,S5P_TROPOMI_L3_P1D_CTH_v2,S5P_TROPOMI_L3_P1D_HCHO_v2,S5P_TROPOMI_L3_P1D_O3_v2,S5P_TROPOMI_L3_P1D_SO2LH_v2,S5P_TROPOMI_L3_P1D_SO2_v2,S5P_TROPOMI_L3_P1D_UVI_v2,S2-soilsuite-africa-2018-2021-P4Y,S2-soilsuite-europe-2018-2022-P5Y,GL_MOW_DE_P1Y_FC,GL_MOW_DE_P1Y_FREQ,FCCL_DE_P1M,CROPTYPES_DE_P1Y,FOREST_STRUCTURE_DE_AGBD_P1Y,FOREST_STRUCTURE_DE_COVER_P1Y,FOREST_STRUCTURE_DE_RH95_P1Y,N2N_NOISE_AI_DE_2017,N2N_NOISE_DE_2017,SAR4TEC_ASCE,SAR4TEC_DESC,WSF3D_MATSTOCK,TDM_FNF_50,TDM_DEM_90,SUPERSITES,METOP_GOME2_L3_P1D_BRO,METOP_GOME2_L3_P1D_CF,METOP_GOME2_L3_P1D_H2O,METOP_GOME2_L3_P1D_HCHO,METOP_GOME2_L3_P1D_NO2,METOP_GOME2_L3_P1D_NO2TROPO,METOP_GOME2_L3_P1D_O3,METOP_GOME2_L3_P1D_SO2,GWP_P1D,GWP_P1M,GWP_P1Y,GSP_SCDE_MEAN,GSP_SCDE_P1Y,GSP_SCDL_MEAN,GSP_SCDL_P1Y,GSP_SCD_MEAN,GSP_SCD_P1Y,GSP_SCE_P1D,WSF_Evolution,TIMELINE_AVHRR_P1M_LSTD
SWIM_WE,1.0,0.9492459053913399,0.9492459053913399,0.9492459053913399,0.9492454878774423,0.9492452791203692,0.9492450703632129,0.9670029355984773,0.9968874903046256,0.9968645668154498,0.9959922091826856,0.8931158207036037,0.9590654669506339,0.979458347170238,0.9425918680260142,0.8111241788457354,0.29975165842344087,0.6577110554000914,0.9834836944415241,0.9834836944415241,0.9835256981657593,0.9835819581805973,0.9830769579825405,0.9835973895267821,0.9834819360703914,0.9835383962827484,0.9830577956213924,0.9838260701154655,0.9838264606006063,0.983559884681075,0.5547298329435175,0.5558407486573775,0.738597029740989,0.738597029740989,0.974045077713071,0.7091205176744872,0.67336133340825,0.67336133340825,0.67336133340825,0.4548324575483357,0.4548324575483357,0.6695444955359692,0.6638948466682331,0.9842548372159929,0.005318069126906355,0.0052989992584269174,0.9992898903123669,0.9882084436932478,0.9882663154991073,0.9895301001977054,0.9882084436932478,0.9895839602042744,0.9895839602042744,0.9895839602042744,0.9882663154991073,0.9291472055811437,0.10436703119226065,0.02698359168422504,0.9460379863401585,0.005876841746031425,0.9460379863401585,0.005876841746031425,0.9460379863401585,0.005876841746031425,0.9612691215103637,0.0031354331845502292,0.0033733289626399765
S5P_TROPOMI_L3_P1D_CF,0.9516974572175587,1.0,1.0,1.0,0.9999996026530853,0.9999994039795096,0.999999205305855,0.9831006795041319,0.9487352896549059,0.9487134734285467,0.9555116615474568,0.9465811411292753,0.9906547482330287,0.9712468959826891,0.993667369559189,0.8685499040600493,0.38187797668321743,0.7225470245730264,0.9674159832201885,0.9674159832201885,0.9673760083826402,0.9673224658695758,0.9678030732739609,0.9673077798966504,0.9674176566575243,0.9673639236169902,0.9678213100443398,0.9670901451618853,0.9670897735381697,0.967343473162943,0.6245400570199493,0.625597312680013,0.7995260006778233,0.7995260006778233,0.9763986907603084,0.7714732790964909,0.7374413543581387,0.7374413543581387,0.7374413543581387,0.5294679788736468,0.5294679788736468,0.7338088794604776,0.7284321229988808,0.9666820886025748,0.08698807390629515,0.08667614657156186,0.9523732668016247,0.9629194513713325,0.9628643749208514,0.9616616342367252,0.9629194513713325,0.9616103758054276,0.9616103758054276,0.9616103758054276,0.9628643749208514,0.9808721184972573,0.19593092376790266,0.12228530115735636,0.9969470315960309,0.09612796147250657,0.9969470315960309,0.09612796147250657,0.9969470315960309,0.09612796147250657,0.9885575357919479,0.05128652657145327,0.05517780647636572
S5P_TROPOMI_L3_P1D_COT,0.9516974572175587,1.0,1.0,1.0,0.9999996026530853,0.9999994039795096,0.999999205305855,0.9831006795041319,0.9487352896549059,0.9487134734285467,0.9555116615474568,0.9465811411292753,0.9906547482330287,0.9712468959826891,0.993667369559189,0.8685499040600493,0.38187797668321743,0.7225470245730264,0.9674159832201885,0.9674159832201885,0.9673760083826402,0.9673224658695758,0.9678030732739609,0.9673077798966504,0.9674176566575243,0.9673639236169902,0.9678213100443398,0.9670901451618853,0.9670897735381697,0.967343473162943,0.6245400570199493,0.625597312680013,0.7995260006778233,0.7995260006778233,0.9763986907603084,0.7714732790964909,0.7374413543581387,0.7374413543581387,0.7374413543581387,0.5294679788736468,0.5294679788736468,0.7338088794604776,0.7284321229988808,0.9666820886025748,0.08698807390629515,0.08667614657156186,0.9523732668016247,0.9629194513713325,0.9628643749208514,0.9616616342367252,0.9629194513713325,0.9616103758054276,0.9616103758054276,0.9616103758054276,0.9628643749208514,0.9808721184972573,0.19593092376790266,0.12228530115735636,0.9969470315960309,0.09612796147250657,0.9969470315960309,0.09612796147250657,0.9969470315960309,0.09612796147250657,0.9885575357919479,0.05128652657145327,0.05517780647636572
S5P_TROPOMI_L3_P1D_CTH,0.9516974572175587,1.0,1.0,1.0,0.9999996026530853,0.9999994039795096,0.999999205305855,0.9831006795041319,0.9487352896549059,0.9487134734285467,0.9555116615474568,0.9465811411292753,0.9906547482330287,0.9712468959826891,0.993667369559189,0.8685499040600493,0.38187797668321743,0.7225470245730264,0.9674159832201885,0.9674159832201885,0.9673760083826402,0.9673224658695758,0.9678030732739609,0.9673077798966504,0.9674176566575243,0.9673639236169902,0.9678213100443398,0.9670901451618853,0.9670897735381697,0.967343473162943,0.6245400570199493,0.625597312680013,0.7995260006778233,0.7995260006778233,0.9763986907603084,0.7714732790964909,0.7374413543581387,0.7374413543581387,0.7374413543581387,0.5294679788736468,0.5294679788736468,0.7338088794604776,0.7284321229988808,0.9666820886025748,0.08698807390629515,0.08667614657156186,0.9523732668016247,0.9629194513713325,0.9628643749208514,0.9616616342367252,0.9629194513713325,0.9616103758054276,0.9616103758054276,0.9616103758054276,0.9628643749208514,0.9808721184972573,0.19593092376790266,0.12228530115735636,0.9969470315960309,0.09612796147250657,0.9969470315960309,0.09612796147250657,0.9969470315960309,0.09612796147250657,0.9885575357919479,0.05128652657145327,0.05517780647636572
S5P_TROPOMI_L3_P1D_HCHO,0.9516970790636607,0.9999996026532433,0.9999996026532433,0.9999996026532433,1.0,0.9999998013265032,0.9999996026529274,0.9831002888722653,0.9487349126780156,0.948713096460325,0.955511281877997,0.9465815597018424,0.9906543545995774,0.9712465100608849,0.9936677694221959,0.8685503536380753,0.38187861963875547,0.7225475321648231,0.9674155988205851,0.9674155988205851,0.9673756239989206,0.9673220815071313,0.9678026887205485,0.9673073955400412,0.967417272257256,0.9673635392380726,0.9678209254836811,0.9670897608917527,0.9670893892681847,0.9673430887921513,0.6245406035544967,0.6255978587944633,0.7995264776822735,0.7995264776822735,0.9763983027914553,0.7714737672475991,0.7374418560317217,0.7374418560317217,0.7374418560317217,0.5294685631847762,0.5294685631847762,0.7338093825774127,0.7284326282522529,0.966681704494582,0.08698871328941837,0.08667678366194465,0.9523728883791959,0.9629190687584115,0.9628639923298149,0.9616612521235938,0.9629190687584115,0.9616099937126635,0.9616099937126635,0.9616099937126635,0.9628639923298149,0.9808725234444158,0.195931640608899,0.12228604726120207,0.9969474301558747,0.09612866803598674,0.9969474301558747,0.09612866803598674,0.9969474301558747,0.09612866803598674,0.9885571429918172,0.05128690353967513,0.05517821204642437
S5P_TROPOMI_L3_P1D_O3,0.9516968899867116,0.9999994039798649,0.9999994039798649,0.9999994039798649,0.9999998013265426,1.0,0.9999998013264637,0.9831000935563321,0.9487347241895704,0.9487129079762141,0.9555110920432671,0.946581768988126,0.9906541577828517,0.9712463170999829,0.9936679693536994,0.8685505784270884,0.38187894111652443,0.7225477859607216,0.9674154066207834,0.9674154066207834,0.9673754318070609,0.967321889325909,0.9678024964438423,0.9673072033617367,0.9674170800571219,0.9673633470486137,0.9678207332033518,0.9670895687566863,0.9670891971331922,0.9673428966067554,0.6245408768217704,0.6255981318516884,0.7995267161844987,0.7995267161844987,0.9763981088070287,0.7714740113231531,0.7374421068685133,0.7374421068685133,0.7374421068685133,0.5294688553403408,0.5294688553403408,0.7338096341358803,0.7284328808789389,0.9666815124405856,0.08698903298097993,0.08667710220713598,0.9523726991679815,0.962918877451951,0.9628638010342966,0.961661061067028,0.962918877451951,0.9616098026662815,0.9616098026662815,0.9616098026662815,0.9628638010342966,0.980872725917995,0.19593199902939729,0.12228642031312487,0.9969476294357967,0.09612902131772683,0.9969476294357967,0.09612902131772683,0.9969476294357967,0.09612902131772683,0.9885569465917519,0.05128709202378601,0.05517841483145369
S5P_TROPOMI_L3_P1D_SO2,0.9516967009097627,0.9999992053064864,0.9999992053064864,0.9999992053064864,0.9999996026530853,0.9999998013265032,1.0,0.9830998982403988,0.9487345357011252,0.9487127194921032,0.9555109022085373,0.9465819782744095,0.9906539609661261,0.9712461241390808,0.9936681692852029,0.8685508032161013,0.3818792625942934,0.72254803975662,0.9674152144209818,0.9674152144209818,0.9673752396152011,0.9673216971446867,0.9678023041671362,0.9673070111834321,0.9674168878569878,0.9673631548591549,0.9678205409230225,0.96708937662162,0.9670890049981997,0.9673427044213596,0.6245411500890441,0.6255984049089136,0.7995269546867237,0.7995269546867237,0.9763979148226022,0.7714742553987072,0.7374423577053049,0.7374423577053049,0.7374423577053049,0.5294691474959055,0.5294691474959055,0.7338098856943479,0.7284331335056248,0.9666813203865894,0.08698935267254149,0.08667742075232732,0.9523725099567671,0.9629186861454905,0.9628636097387783,0.9616608700104623,0.9629186861454905,0.9616096116198994,0.9616096116198994,0.9616096116198994,0.9628636097387783,0.9808729283915741,0.19593235744989546,0.12228679336504777,0.9969478287157186,0.0961293745994668,0.9969478287157186,0.0961293745994668,0.9969478287157186,0.0961293745994668,0.9885567501916864,0.05128728050789688,0.055178617616482906
S5P_TROPOMI_L4_P1D_NO2surf,0.9680569620779708,0.9828101832821518,0.9828101832821518,0.9828101832821518,0.9828097791049165,0.9828095770161784,0.98280937492736,1.0,0.9650438753978284,0.9650216841545366,0.9719367318812242,0.9284730640181627,0.9923160782141796,0.9879424521124105,0.9763686960847213,0.8491004842854497,0.3540627556752881,0.7005878420597669,0.9840456866616605,0.9840456866616605,0.9840050246639813,0.9839505617649309,0.9844394307225105,0.9839356233428225,0.9840473888650775,0.9839927321634249,0.9844579809796298,0.9837142475068554,0.9837138694949963,0.9839719301698208,0.6008961526973802,0.6019715823884644,0.7788900726549328,0.7788900726549328,0.993182805298025,0.7503551299311805,0.7157382026440204,0.7157382026440204,0.7157382026440204,0.5041898029527578,0.5041898029527578,0.7120432861686362,0.7065741042489282,0.9832991765300798,0.0593274009235889,0.059114660978723754,0.9687443887049231,0.9794718602544568,0.9794158370498864,0.9781924214738409,0.9794718602544568,0.9781402819195041,0.9781402819195041,0.9781402819195041,0.9794158370498864,0.9633534970021762,0.1649193070011351,0.0900077296358417,0.9797047349108731,0.06556096547660184,0.9797047349108731,0.06556096547660184,0.9797047349108731,0.06556096547660184,0.9944493413527408,0.034978315845463404,0.03763223738502208
ENMAP_HSI_L0_QL,0.996877772340765,0.9459652118940983,0.9459652118940983,0.9459652118940983,0.9459647930766274,0.945964583667767,0.9459643742588235,0.9637776835920944,1.0,0.9999770049384722,0.9928574682881084,0.889659876303435,0.9558154323600943,0.9762719837943716,0.9392903991092652,0.8074122378735319,0.29444309602380225,0.6535201237305763,0.9803098991162461,0.9803098991162461,0.980352033985671,0.9804084696570834,0.9799018927334403,0.980423949183444,0.9803081352550784,0.9803647717490721,0.9798826705430381,0.9806533437649866,0.9806537354693109,0.9803863272390704,0.5502173704528667,0.5513317546984957,0.7346586424978052,0.7346586424978052,0.9708418128775785,0.7050900980500316,0.6692192654696065,0.6692192654696065,0.6692192654696065,0.450008092709141,0.450008092709141,0.6653905105605502,0.6597232222028542,0.9810834495740146,3.9002370512908335e-05,3.8862513347059924e-05,0.9961654455290242,0.9850494001107665,0.9851074526055789,0.9863751831277182,0.9850494001107665,0.9864292112974896,0.9864292112974896,0.9864292112974896,0.9851074526055789,0.9258037593674402,0.09844843350529153,0.020823385282057183,0.9427472769893268,4.31003722882739e-05,0.9427472769893268,4.31003722882739e-05,0.9427472769893268,4.31003722882739e-05,0.9580259672310419,2.2995061527808502e-05,2.4739773576309965e-05
ENMAP_HSI_L2A,0.9968547049529841,0.9459409737419356,0.9459409737419356,0.9459409737419356,0.9459405549148336,0.9459403455011579,0.9459401360873989,0.9637538550482333,0.9999770044096872,1.0,0.9928343084510625,0.8896343433768426,0.9557914207195659,0.9762484425643192,0.9392660074658422,0.807384813613942,0.29440387573598314,0.6534891606309772,0.9802864507404401,0.9802864507404401,0.9803285865787812,0.9803850235479652,0.9798784349752867,0.9804005034302866,0.9802846868387114,0.9803413246350947,0.9798592123428589,0.980629903286893,0.9806302950002248,0.9803628806207743,0.5501840318454749,0.5512984417170275,0.7346295452263422,0.7346295452263422,0.9708181467775404,0.7050603208324344,0.6691886633810391,0.6691886633810391,0.6691886633810391,0.44997244973025274,0.44997244973025274,0.6653598204275035,0.6596924017471661,0.9810600189864581,0.0,1.1102230246251565e-16,0.9961423617608677,0.9850260607225836,0.9850841145523475,0.9863518742266986,0.9850260607225836,0.9864059036388796,0.9864059036388796,0.9864059036388796,0.9850841145523475,0.925779057590775,0.0984047062045097,0.020777872947468357,0.9427229648388513,0.0,0.9427229648388513,0.0,0.9427229648388513,0.0,0.9580020064230678,0.0,0.0
DatKI_LBMDE_2021,0.9960082074522032,0.9534402977557657,0.9534402977557657,0.9534402977557657,0.9534398819084969,0.9534396739847387,0.9534394660608978,0.9711264455820513,0.9929081222498358,0.9928852902664732,1.0,0.8975342727217932,0.9632206616624046,0.98353213773472,0.9468128219272077,0.8158699244888747,0.30653869708274994,0.6630691944061353,0.9875414166547662,0.9875414166547662,0.9875832527088482,0.9876392881453782,0.9871363038033486,0.9876546578928302,0.9875396653026863,0.9875959001375885,0.9871172179343709,0.9878824256360439,0.9878828145624491,0.9876173027586869,0.5604990516259265,0.5616055327947189,0.7436322887174376,0.7436322887174376,0.9781404769262314,0.7142734407721378,0.6786569997511699,0.6786569997511699,0.6786569997511699,0.4610004458293917,0.4610004458293917,0.6748553979038638,0.6692283012623756,0.9883094811872548,0.012067397375012612,0.012024125338613634,0.9967154825292771,0.9922473056876367,0.9923049464812529,0.9935636864135091,0.9922473056876367,0.9936173314221053,0.9936173314221053,0.9936173314221053,0.9923049464812529,0.9334218277856923,0.11193400475050519,0.03485946387962069,0.9502451840519467,0.013335325842347312,0.9502451840519467,0.013335325842347312,0.9502451840519467,0.013335325842347312,0.9654155196902849,0.007114709733526792,0.007654526501519099
D4H,0.9034368895178009,0.9492900108813409,0.9492900108813409,0.9492900108813409,0.9492903880787978,0.9492905766776387,0.9492907652765545,0.933247654743931,0.9006249334400178,0.9006042235142598,0.9070576755876334,1.0,0.9404186567297839,0.9219949764558755,0.9553015137014059,0.9259257261134699,0.46393292687827403,0.7873266510565269,0.9183583292378759,0.9183583292378759,0.9183203815239046,0.9182695541510952,0.9187257899592335,0.918255612903697,0.9183599178152226,0.9183089095765893,0.918743101943185,0.9180490144239637,0.9180486616452826,0.9182894961648443,0.6942896157616191,0.6952932579986653,0.860402024120684,0.860402024120684,0.9268855237763802,0.8337718557454897,0.8014656895403065,0.8014656895403065,0.8014656895403065,0.6040386416636039,0.6040386416636039,0.7980174174051794,0.7929133162052441,0.9176616504083356,0.16858710715901293,0.16798257685221296,0.9040784288052125,0.9140898164701471,0.9140375329458706,0.912895783228749,0.9140898164701471,0.9128471241119448,0.9128471241119448,0.9128471241119448,0.9140375329458706,0.9674479177212165,0.28741524699294163,0.2175041931036129,0.9521881632907652,0.18630065265268658,0.9521881632907652,0.18630065265268658,0.9521881632907652,0.18630065265268658,0.9384277939087698,0.09939577648574016,0.10693726571358375
S2_L2A_MAJA,0.960675208911121,0.9905665906476097,0.9905665906476097,0.9905665906476097,0.9905661895523589,0.990565989004614,0.9905657884567894,0.9923746706485075,0.9576850980092793,0.9576630759815263,0.9645253941918166,0.9366438098140198,1.0,0.9804090655347323,0.9841742219115731,0.8578764721432464,0.3666135692551521,0.7104962877273948,0.9765420142039497,0.9765420142039497,0.976501662267395,0.9764476146658871,0.9769327558366555,0.9764327901541674,0.976543703427505,0.9764894635012038,0.9769511646419548,0.97621310238186,0.9762127272524658,0.9764688201296521,0.611564780330003,0.6126320095154982,0.7882014380253161,0.7882014380253161,0.9856094593013883,0.7598840836378583,0.7255311218223995,0.7255311218223995,0.7255311218223995,0.515595848352564,0.515595848352564,0.7218643803020663,0.7164369026957793,0.9758011964579866,0.07180847917928779,0.07155098379496905,0.9613573936836377,0.9720030647294975,0.9719474687203133,0.9707333820909689,0.9720030647294975,0.9706816401179061,0.9706816401179061,0.9706816401179061,0.9719474687203133,0.9712582680086076,0.17891240167181655,0.10457204975617329,0.987484822342946,0.07935343789059712,0.987484822342946,0.07935343789059712,0.987484822342946,0.07935343789059712,0.9978830036954637,0.042336924018473776,0.045549167714473704
S2_L2A_MAJA_v2,0.9798718133916396,0.9703956798871217,0.9703956798871217,0.9703956798871217,0.9703952707770218,0.9703950662218499,0.9703948616665968,0.9877952932766396,0.9768219528722341,0.976799490791326,0.9837989346474959,0.9153953920183234,0.980017591478938,1.0,0.9638755762275845,0.8350540932280961,0.33397457432324906,0.6847288977593375,0.9960556756697538,0.9960556756697538,0.9960145174043182,0.9959593898015575,0.9964542252613906,0.9959442690603884,0.9960573986480643,0.9960020748773976,0.9964730019189577,0.9957201913972676,0.9957198087718847,0.9959810190015623,0.5838205005655266,0.5849090555605919,0.7639867841147023,0.7639867841147023,0.9946956898406282,0.7351035807836388,0.700064164051275,0.700064164051275,0.700064164051275,0.48593387818398437,0.48593387818398437,0.6963241522039414,0.6907882205228868,0.9953000546009512,0.03935083431505282,0.03920972760563601,0.9805676298589676,0.9914260270526466,0.9913693201012947,0.9901309730969429,0.9914260270526466,0.9900781971946367,0.9900781971946367,0.9900781971946367,0.9913693201012947,0.9507015304572907,0.14252268532938306,0.06669683413216188,0.967252330429227,0.0434854493849719,0.967252330429227,0.0434854493849719,0.967252330429227,0.0434854493849719,0.9821768904684691,0.023200509208674003,0.024960809258272154
S2_L3A_WASP,0.9457086339341695,0.993707219413091,0.993707219413091,0.993707219413091,0.9937076142595888,0.9937078116829552,0.9937080091064002,0.9769142426331713,0.94276510664205,0.9427434277004165,0.9494988363131058,0.9532100748742608,0.9844207752650186,0.9651350523705536,1.0,0.8756698712588364,0.3920604635387951,0.7305857558574824,0.9613282467015151,0.9613282467015151,0.9612885234168483,0.9612353178350709,0.9617129008825116,0.9612207242777507,0.9613299096082769,0.9612765146979771,0.961731022892896,0.9610044590706196,0.9610040897854505,0.9612561929341502,0.6331955246472051,0.6342461272293758,0.8070803201558469,0.8070803201558469,0.9702544280340086,0.7792041281962914,0.7453863588932679,0.7453863588932679,0.7453863588932679,0.5387217142286187,0.5387217142286187,0.7417767423631252,0.7364338206502106,0.9605989703217039,0.09711398442782404,0.09676574696299023,0.9463801907968044,0.956860010540986,0.9568052806745233,0.9556101085736252,0.956860010540986,0.955559172700389,0.955559172700389,0.955559172700389,0.9568052806745233,0.9872852666455554,0.20728353462825877,0.1341013477619869,0.9967409761567552,0.1073178073074208,0.9967409761567552,0.1073178073074208,0.9967409761567552,0.1073178073074208,0.9823367601216738,0.057256572299583475,0.061600819494860404
DESIS_HSI_L2A,0.8411307406597878,0.883821569849487,0.883821569849487,0.883821569849487,0.883821921033261,0.8838220966252526,0.8838222722173139,0.8688855858794393,0.8385127130744068,0.8384934314229777,0.844501816718365,0.9310343095561792,0.8755620347621638,0.8584089563188617,0.8894184852269612,1.0,0.5698688531441329,0.8709595058492341,0.8550231129871521,0.8550231129871521,0.8549877823634755,0.8549404603355254,0.8553652315261502,0.8549274805558795,0.8550245920071652,0.8549771015869276,0.8553813495771756,0.8547351302829458,0.8547348018338901,0.8549590270345274,0.7843388339302857,0.7852732592874954,0.9389951853555818,0.9389951853555818,0.8629622236667596,0.9142015849290179,0.884123435781768,0.884123435781768,0.884123435781768,0.7003120805741675,0.7003120805741675,0.8809129761152782,0.8761608827786914,0.8543744810941085,0.27393442806380397,0.27295213667372564,0.8417280357472963,0.8510489811496179,0.851000303394692,0.8499372952351256,0.8510489811496179,0.8498919919279082,0.8498919919279082,0.8498919919279082,0.851000303394692,0.900727204107136,0.40552483692763375,0.34043524713943785,0.8865198491769839,0.30271687789381907,0.8865198491769839,0.30271687789381907,0.8865198491769839,0.30271687789381907,0.8737084731701799,0.16150656857702228,0.17376061085339944
WSF_2015,0.5881493753275758,0.618000364366976,0.618000364366976,0.618000364366976,0.6180006099275139,0.6180007327078563,0.6180008554882471,0.6075565781429753,0.5863187546945403,0.5863052722587012,0.5905065549932229,0.651013238613152,0.6122249953698866,0.6002309356075962,0.6219139322867986,0.6992365715539395,1.0,0.7894664042755473,0.5978634301245128,0.5978634301245128,0.5978387256603424,0.5978056363677595,0.5981026519187869,0.5977965604311405,0.597864464309396,0.5978312572707675,0.598113922249526,0.5976620620857569,0.5976618324221652,0.5978186188827148,0.8500347459338513,0.8493813615507029,0.741893368994186,0.741893368994186,0.6034147466573089,0.7592299611529348,0.7802617030413459,0.7802617030413459,0.7802617030413459,0.9087893248693919,0.9087893248693919,0.7825065738516545,0.7858294113040337,0.5974098829834205,0.7016756633200288,0.6991595503670915,0.5885670258967712,0.5950845718035321,0.5950505345370667,0.5943072403560378,0.5950845718035321,0.594275562626819,0.594275562626819,0.594275562626819,0.5950505345370667,0.6298214021052393,0.8850846535453701,0.8395716319380196,0.6198870999530297,0.7754011337517602,0.6198870999530297,0.7754011337517602,0.6198870999530297,0.7754011337517602,0.6109289173171437,0.4136947277412988,0.4450831271601041
WSF_2019,0.7449960785440772,0.7828076799975842,0.7828076799975842,0.7828076799975842,0.7828079910438006,0.7828081465670015,0.7828083020902641,0.7695787621266781,0.7426772710265929,0.7426601931170503,0.7479818669866014,0.8246243729782945,0.775492145142888,0.7602995293490638,0.7877649117412374,0.8857078246357969,0.7333216529743927,1.0,0.7573006614171776,0.7573006614171776,0.7572693688073381,0.7572274553169049,0.7576036784841211,0.7572159590245107,0.757301971396776,0.7572599087599763,0.7576179543680323,0.7570455928827023,0.7570453019728036,0.7572438999874888,0.9232793931061771,0.9241070209565959,0.9397402663068145,0.9397402663068145,0.7643323938667556,0.9617001522055155,0.9883406042557974,0.9883406042557974,0.9883406042557974,0.8488562401799211,0.8488562401799211,0.991184133503085,0.9953930997546995,0.7567261630742006,0.43647904501736723,0.4349138908638691,0.7455251074767,0.7537807417525394,0.7537376274841158,0.7527961128395362,0.7537807417525394,0.7527559873458518,0.7527559873458518,0.7527559873458518,0.7537376274841158,0.7977811325400148,0.5877608718793671,0.5301105129016277,0.7851975671110011,0.4823401523774802,0.7851975671110011,0.4823401523774802,0.7851975671110011,0.4823401523774802,0.7738504311374235,0.25733980688294966,0.2768650367279175
S5P_TROPOMI_L3_P1D_AI_v2,0.9837520505395122,0.9663185048159421,0.9663185048159421,0.9663185048159421,0.9663180940857892,0.9663178887205903,0.96631768335531,0.9837870196937055,0.9806901127443635,0.9806675617148812,0.9876947229741787,0.9111004189074251,0.9759785186352965,0.9960400563677387,0.9597725819134365,0.8304409731026459,0.3273772075476551,0.6795204983333223,1.0,1.0,0.9999586787501533,0.9999033328451931,0.9995998721744457,0.9998881522267412,0.9999982701987926,0.9999461869515274,0.999581021162373,0.9996631872287053,0.9996628030881473,0.9999250476956106,0.578212509574602,0.5793053751860885,0.7590922414510666,0.7590922414510666,0.9907147414391277,0.7300946622628928,0.6949164914153616,0.6949164914153616,0.6949164914153616,0.47993826168607656,0.47993826168607656,0.6911616693319286,0.685603815673465,0.9992413867143575,0.03279012408827964,0.032672543188357106,0.9844506224008291,0.9953520182353318,0.9952950867276491,0.9940518359389627,0.9953520182353318,0.9939988510470583,0.9939988510470583,0.9939988510470583,0.9952950867276491,0.9465463676644834,0.1351671798650833,0.05904106257125297,0.9631627078713776,0.03623540151529603,0.9631627078713776,0.03623540151529603,0.9631627078713776,0.03623540151529603,0.9781463683271114,0.01933243828511877,0.020799254886688212
S5P_TROPOMI_L3_P1D_ALH_v2,0.9837520505395122,0.9663185048159421,0.9663185048159421,0.9663185048159421,0.9663180940857892,0.9663178887205903,0.96631768335531,0.9837870196937055,0.9806901127443635,0.9806675617148812,0.9876947229741787,0.9111004189074251,0.9759785186352965,0.9960400563677387,0.9597725819134365,0.8304409731026459,0.3273772075476551,0.6795204983333223,1.0,1.0,0.9999586787501533,0.9999033328451931,0.9995998721744457,0.9998881522267412,0.9999982701987926,0.9999461869515274,0.999581021162373,0.9996631872287053,0.9996628030881473,0.9999250476956106,0.578212509574602,0.5793053751860885,0.7590922414510666,0.7590922414510666,0.9907147414391277,0.7300946622628928,0.6949164914153616,0.6949164914153616,0.6949164914153616,0.47993826168607656,0.47993826168607656,0.6911616693319286,0.685603815673465,0.9992413867143575,0.03279012408827964,0.032672543188357106,0.9844506224008291,0.9953520182353318,0.9952950867276491,0.9940518359389627,0.9953520182353318,0.9939988510470583,0.9939988510470583,0.9939988510470583,0.9952950867276491,0.9465463676644834,0.1351671798650833,0.05904106257125297,0.9631627078713776,0.03623540151529603,0.9631627078713776,0.03623540151529603,0.9631627078713776,0.03623540151529603,0.9781463683271114,0.01933243828511877,0.020799254886688212
S5P_TROPOMI_L3_P1D_AOD_v2,0.9837927020835523,0.9662757900395896,0.9662757900395896,0.9662757900395896,0.9662753792924642,0.9662751739187792,0.9662749685450124,0.9837450267680486,0.9807306377600787,0.9807080857987213,0.9877355374411038,0.9110554223564631,0.9759362030392832,0.9959985697737939,0.9597295966401911,0.8303926434648439,0.3273080898273182,0.6794659322151763,0.9999586770426371,0.9999586770426371,1.0,0.9999446518079833,0.9995585326826177,0.9999294705622234,0.9999569471699491,0.999987507685176,0.9995396808915654,0.9997044962679684,0.9997041121115366,0.9999663675557228,0.578153757110756,0.5792466678826815,0.7590409634726687,0.7590409634726687,0.9906730347874212,0.7300421860187665,0.6948625615051813,0.6948625615051813,0.6948625615051813,0.4798754482396751,0.4798754482396751,0.6911075842613954,0.6855495009359819,0.999282678323576,0.03272139040253963,0.03260405597221272,0.9844913028119247,0.9953931491243425,0.9953362152640816,0.9940929131005959,0.9953931491243425,0.994039926019199,0.994039926019199,0.994039926019199,0.9953362152640816,0.9465028358449505,0.13509011945796778,0.058960856407838325,0.9631198626881626,0.03615944594118148,0.9631198626881626,0.03615944594118148,0.9631198626881626,0.03615944594118148,0.9781041423130585,0.019291914201278848,0.020755656105385656
S5P_TROPOMI_L3_P1D_ASSA_v2,0.9838471562448713,0.9662185721066153,0.9662185721066153,0.9662185721066153,0.9662181613367545,0.9662179559517017,0.9662177505665672,0.9836887757792617,0.9807849224322926,0.9807623692226557,0.9877902098433105,0.9109951479068024,0.9758795198222981,0.995942997033998,0.9596720163671926,0.8303279042290905,0.3272155042298437,0.6793928389964504,0.9999033234997509,0.9999033234997509,0.9999446487443914,1.0,0.9995031569912387,0.9999848179139391,0.9999015935313122,0.9999571417506807,0.9994843041567162,0.9997598311670745,0.9997594469893791,0.9999782830502667,0.5780750561359297,0.5791680274018387,0.758972274831838,0.758972274831838,0.990617167272577,0.7299718922591927,0.6947903205092187,0.6947903205092187,0.6947903205092187,0.47979130743705367,0.47979130743705367,0.6910351354227275,0.6854767444504233,0.9993379898745292,0.03262931923280421,0.03251231495709839,0.984545795641671,0.9954482453849708,0.9953913083733492,0.9941479373915276,0.9954482453849708,0.9940949473772293,0.9940949473772293,0.9940949473772293,0.9953913083733492,0.9464445234541344,0.13498689435448286,0.058853417454054924,0.9630624700706467,0.03605770080004189,0.9630624700706467,0.03605770080004189,0.9630624700706467,0.03605770080004189,0.9780475790942343,0.019237630777344306,0.020697254016943223
S5P_TROPOMI_L3_P1D_CF_v2,0.983358581408593,0.9667319441163574,0.9667319441163574,0.9667319441163574,0.9667315335504835,0.966731328267424,0.9667311229842831,0.9841934721508776,0.9802978682899292,0.9802753262801323,0.9872996769012897,0.911535943663481,0.9763880942413591,0.9964416080049444,0.960188639372151,0.8309087590387663,0.3280462027849619,0.6800486475977965,0.9996000322126868,0.9996000322126868,0.999558727490009,0.9995034037216278,1.0,0.9994882291749343,0.9996017613220294,0.9995462406877,0.9999811565277249,0.9992633541556509,0.9992629701687368,0.9995251098868048,0.5787811787711772,0.5798736072716231,0.7595885645815132,0.7595885645815132,0.9911184230307623,0.7306025834909248,0.6954384827785492,0.6954384827785492,0.6954384827785492,0.48054623741612945,0.48054623741612945,0.6916851625029967,0.6861295318069629,0.9988417223479216,0.03345540222793042,0.033335435731596474,0.9840568738636684,0.9949539094910005,0.9948970007540869,0.9936542472256676,0.9949539094910005,0.9936012835260132,0.9936012835260132,0.9936012835260132,0.9948970007540869,0.9469677151828458,0.13591305292186173,0.05981738362272215,0.9635774093889141,0.03697058081637761,0.9635774093889141,0.03697058081637761,0.9635774093889141,0.03697058081637761,0.9785550768631296,0.019724673719867747,0.02122125053269086
S5P_TROPOMI_L3_P1D_COT_v2,0.9838620933238442,0.9662028769097231,0.9662028769097231,0.9662028769097231,0.9662024661336258,0.9662022607454548,0.9662020553572022,0.983673345820532,0.9807998130194624,0.9807772594674156,0.9878052067869713,0.9109786142904023,0.9758639713009724,0.9959277531227345,0.9596562217784187,0.830310145897061,0.327190107486092,0.6793727891204804,0.9998881397154175,0.9998881397154175,0.999929465587471,0.9999848176834398,0.9994879671314507,1.0,0.999886409720714,0.9999419587834331,0.9994691140106985,0.9997750098373154,0.9997746256537874,0.9999631004039929,0.5780534680213072,0.579146455881052,0.7589534331560546,0.7589534331560546,0.9906018425028802,0.7299526102904206,0.6947705044026873,0.6947705044026873,0.6947705044026873,0.4797682271474457,0.4797682271474457,0.6910152623037875,0.6854567869422319,0.9993531621402421,0.03260406359943924,0.032487149886980204,0.9845607433276085,0.9954633585953514,0.9954064207192941,0.9941630308602207,0.9954633585953514,0.9941100400414112,0.9941100400414112,0.9941100400414112,0.9954064207192941,0.9464285280413759,0.1349585791351241,0.05882394635214916,0.9630467269568143,0.03602979154257646,0.9630467269568143,0.03602979154257646,0.9630467269568143,0.03602979154257646,0.9780320634890707,0.019222740532584548,0.020681233999627402
S5P_TROPOMI_L3_P1D_CTH_v2,0.983750348846971,0.9663202928763475,0.9663202928763475,0.9663202928763475,0.9663198821469051,0.9663196767820615,0.9663194714171364,0.9837887775371051,0.9806884163483568,0.9806658653578832,0.9876930144616097,0.9111023024839771,0.9759802899858272,0.9960417930158574,0.9597743812969677,0.8304429962037632,0.32738010084757607,0.6795227824964075,0.9999982702017848,0.9999982702017848,0.9999569490234155,0.9999016032141925,0.9996016026648014,0.9998864226220001,1.0,0.9999444572463978,0.9995827516853371,0.9996614580131082,0.9996610738732147,0.9999233180270478,0.5782149689800654,0.5793078327011149,0.7590943879710925,0.7590943879710925,0.9907164872989667,0.7300968589428796,0.6949187489464854,0.6949187489464854,0.6949187489464854,0.47994089108615845,0.47994089108615845,0.691163933358137,0.6856060893136386,0.9992396582283902,0.03279300131233387,0.03267541009507946,0.9844489194998997,0.9953502964771872,0.9952933650679845,0.9940501164298712,0.9953502964771872,0.9939971316296199,0.9939971316296199,0.9939971316296199,0.9952933650679845,0.9465481899266964,0.13517040564956717,0.0590444200385587,0.9631645013906749,0.036238581050956675,0.9631645013906749,0.036238581050956675,0.9631645013906749,0.036238581050956675,0.9781481359276997,0.01933413464211675,0.020801079951952017
S5P_TROPOMI_L3_P1D_HCHO_v2,0.9838049920852389,0.9662628762699947,0.9662628762699947,0.9662628762699947,0.9662624655177381,0.9662622601414873,0.9662620547651549,0.9837323312323849,0.9807428895090159,0.9807203372659287,0.9877478766985462,0.9110418187480327,0.9759234099521165,0.9959860273151594,0.9597166010924657,0.8303780321789969,0.3272871937723326,0.6794494354817833,0.9999461840555273,0.9999461840555273,0.9999875075291161,0.9999571435874315,0.9995460346967162,0.9999419621520204,0.999944454161229,1.0,0.9995271826701585,0.9997169850472806,0.9997166008860497,0.9999788596064543,0.5781359947379654,0.5792289191630469,0.7590254608280368,0.7590254608280368,0.9906604257996959,0.7300263211077516,0.6948462571137314,0.6948462571137314,0.6948462571137314,0.4798564581279724,0.4798564581279724,0.6910912329610016,0.685533080201394,0.9992951618333398,0.03270061045103678,0.03258335053477379,0.9845036015408605,0.9954055840442759,0.9953486494727705,0.9941053317773687,0.9954055840442759,0.9940523440340322,0.9940523440340322,0.9940523440340322,0.9953486494727705,0.9464896750623011,0.13506682212558407,0.0589366080328525,0.9631069094932372,0.036136482628077005,0.9631069094932372,0.036136482628077005,0.9631069094932372,0.036136482628077005,0.97809137630881,0.019279662734071334,0.02074247507848026
S5P_TROPOMI_L3_P1D_O3_v2,0.9833400518675887,0.966751414107439,0.966751414107439,0.966751414107439,0.9667510035493013,0.9667507982701101,0.9667505929908373,0.9842126131123399,0.9802793964223008,0.9802568548372657,0.9872810730977611,0.9115564537192684,0.9764073822804721,0.9964605181733472,0.9602082326594908,0.8309307883620434,0.3280777076063247,0.6800735195958352,0.9995811966321213,0.9995811966321213,0.9995398926877532,0.9994845699618443,0.9999811568827947,0.9994693957010866,0.9995829257088822,0.9995274061207345,1.0,0.9992445249191496,0.9992441409394709,0.9995062757180094,0.5788079589640001,0.5799003668796877,0.7596119377995737,0.7596119377995737,0.9911374335045634,0.7306265028952242,0.6954630647841198,0.6954630647841198,0.6954630647841198,0.4805748686614659,0.4805748686614659,0.6917098152328212,0.6861542892221877,0.9988229010562778,0.03348673200096541,0.03336665316035059,0.9840383311646574,0.99493516145787,0.9948782537932945,0.9936355236822255,0.99493516145787,0.9935825609805723,0.9935825609805723,0.9935825609805723,0.9948782537932945,0.9469875575936096,0.1359481781306865,0.0598539427111624,0.9635969388212633,0.037005202426904305,0.9635969388212633,0.037005202426904305,0.9635969388212633,0.037005202426904305,0.978574324069535,0.019743145162734344,0.021241123465563616
S5P_TROPOMI_L3_P1D_SO2LH_v2,0.9840835024311514,0.9659702303836363,0.9659702303836363,0.9659702303836363,0.9659698195150976,0.9659696140807059,0.9659694086462326,0.9834446308626519,0.9810205329887765,0.9809979743612603,0.9880275032556656,0.9107335400523718,0.9756334989152446,0.9957017959064116,0.9594221019878589,0.8300469179628001,0.326813657018583,0.6790755941235083,0.9996630737476405,0.9996630737476405,0.9997044089197011,0.9997597734721497,0.9992628111085176,0.9997749592053504,0.9996613433636177,0.9997169049271419,0.9992439537450439,1.0,0.999999615730015,0.9997380513054289,0.5777334720438014,0.5788267058704026,0.7586741470504549,0.7586741470504549,0.9903746867393992,0.7296667978165978,0.6944767745197981,0.6944767745197981,0.6944767745197981,0.4794261129812314,0.4794261129812314,0.6907206873382321,0.6851609610929641,0.9995780573699857,0.03222970478082743,0.03211413346788694,0.9847823096596677,0.9956873784606143,0.9956304277712121,0.9943867580986968,0.9956873784606143,0.9943337553547913,0.9943337553547913,0.9943337553547913,0.9956304277712121,0.9461914314801062,0.13453886873171828,0.05838710255048141,0.9628133701682341,0.03561609862495685,0.9628133701682341,0.03561609862495685,0.9628133701682341,0.03561609862495685,0.9778020790125319,0.01900202563873965,0.020443772730300624
S5P_TROPOMI_L3_P1D_SO2_v2,0.9840838805850495,0.9659698330368796,0.9659698330368796,0.9659698330368796,0.965969422168183,0.9659692167337124,0.96596901129916,0.9834442402307854,0.9810209099656668,0.9809983513294821,0.9880278829251253,0.9107331214798047,0.9756331052817934,0.9957014099846075,0.959421702124852,0.830046468384774,0.32681301406304497,0.6790750865317116,0.9996626893480371,0.9996626893480371,0.9997040245359816,0.9997593891097051,0.9992624265551051,0.9997745748487412,0.9996609589633494,0.9997165205482242,0.9992435691843853,0.9999996157298673,1.0,0.9997376669346372,0.577732925509254,0.5788261597559523,0.7586736700460046,0.7586736700460046,0.9903742987705461,0.7296663096654896,0.694476272846215,0.694476272846215,0.694476272846215,0.479425528670102,0.479425528670102,0.6907201842212969,0.6851604558395922,0.9995784414779784,0.032229065397704315,0.03211349637750416,0.9847826880820965,0.9956877610735353,0.9956308103622487,0.9943871402118283,0.9956877610735353,0.9943341374475554,0.9943341374475554,0.9943341374475554,0.9956308103622487,0.9461910265329477,0.13453815189072182,0.0583863564466357,0.9628129716083902,0.03561539206147668,0.9628129716083902,0.03561539206147668,0.9628129716083902,0.03561539206147668,0.9778016862124012,0.0190016486705179,0.020443367160241976
S5P_TROPOMI_L3_P1D_UVI_v2,0.9838257905496316,0.9662410221983726,0.9662410221983726,0.9662410221983726,0.9662406114374322,0.9662404060568397,0.9662402006761656,0.9837108464797233,0.9807636232379865,0.9807410705181259,0.9877687585188335,0.9110187972568429,0.9759017601122958,0.9959648016159318,0.9596946086270843,0.8303533053875632,0.3272518312177417,0.6794215179329643,0.9999250420773416,0.9999250420773416,0.9999663664245434,0.9999782835218823,0.9995248842590367,0.9999631017655228,0.9999233121464719,0.9999788591595286,0.9995060318339313,0.9997381199045781,0.9997377357352257,1.0,0.578105935337858,0.5791988828682805,0.758999225583275,0.758999225583275,0.9906390875127763,0.7299994727968032,0.6948186650666623,0.6948186650666623,0.6948186650666623,0.47982432101586003,0.47982432101586003,0.6910635615295659,0.6855052912659376,0.9993162877729399,0.03266544437926289,0.03254831056372309,0.9845244147744442,0.9954266277549326,0.9953696919797823,0.9941263479995995,0.9954266277549326,0.9940733591360577,0.9940733591360577,0.9940733591360577,0.9953696919797823,0.9464674029685867,0.13502739587078072,0.05889557232133802,0.9630849887018248,0.03609762163666952,0.9630849887018248,0.03609762163666952,0.9630849887018248,0.03609762163666952,0.9780697723016202,0.019258929481874132,0.020720168725255728
S2-soilsuite-africa-2018-2021-P4Y,0.6919121578747146,0.7270295329963701,0.7270295329963701,0.7270295329963701,0.7270298218793119,0.7270299663208688,0.7270301107624833,0.714743227908303,0.6897585745749821,0.6897427135341204,0.694685197067433,0.765866621014352,0.7202352589684954,0.7061251772104684,0.7316335423483915,0.8225976348599204,0.8235775010568582,0.9287460401494959,0.7033399904937978,0.7033399904937978,0.7033109276063234,0.7032720006180548,0.7036214163948195,0.7032613234820172,0.7033412071321625,0.7033021416247967,0.7036346750654714,0.7031030966024372,0.7031028264210208,0.7032872735407412,1.0,0.9992313439112062,0.8727800511014867,0.8727800511014867,0.7098706841617342,0.8931752081720401,0.9179174225215319,0.9179174225215319,0.9179174225215319,0.9308797914242993,0.9308797914242993,0.9205583390499995,0.9244673997893094,0.7028064274326855,0.5262334100060262,0.5243464089763488,0.6924034914010125,0.7000708790436208,0.7000308368375484,0.6991564088396524,0.7000708790436208,0.6991191424462839,0.6991191424462839,0.6991191424462839,0.7000308368375484,0.740936067752519,0.6883885020137855,0.6348459594000131,0.7292491311893603,0.5815250607467952,0.7292491311893603,0.5815250607467952,0.7292491311893603,0.5815250607467952,0.7187105235868623,0.3102572864658796,0.3337975420629381
S2-soilsuite-europe-2018-2022-P5Y,0.6924444094862174,0.7275887985565187,0.7275887985565187,0.7275887985565187,0.727589087661683,0.7275892322143512,0.7275893767670769,0.7152930422605085,0.6902891695481838,0.6902732963062581,0.695219581832057,0.7664557619025295,0.7207892980511799,0.7066683621497929,0.7321963495306507,0.8232304159316066,0.822672541137099,0.9294604756033616,0.7038810329355503,0.7038810329355503,0.7038519476915259,0.7038129907587738,0.7041626753227076,0.7038023054093773,0.7038822505098108,0.7038431549514059,0.7041759441925572,0.7036439568141855,0.7036436864249327,0.7038282754301157,0.9992307526245272,1.0,0.8734514348651615,0.8734514348651615,0.7104167503224506,0.8938622808567638,0.9186235280897073,0.9186235280897073,0.9186235280897073,0.9300573735097875,0.9300573735097875,0.9212664761362833,0.9251785439103074,0.7033470594324536,0.5253334782601746,0.5234497042626444,0.6929361209695409,0.70060940672997,0.7005693337215357,0.6996942330721972,0.70060940672997,0.6996569380117535,0.6996569380117535,0.6996569380117535,0.7005693337215357,0.7415060308780308,0.6873795483113198,0.6337958182371655,0.7298101041695936,0.5805305726485037,0.7298101041695936,0.5805305726485037,0.7298101041695936,0.5805305726485037,0.7192633897708561,0.309726703693742,0.33322670220541895
GL_MOW_DE_P1Y_FC,0.7927680714075569,0.833004297106501,0.833004297106501,0.833004297106501,0.8330046280981884,0.8330047935941307,0.8330049590901387,0.818927090515263,0.7903005730991176,0.7902824000888138,0.7959453200044042,0.8775024360923405,0.8252196622270718,0.8090528379049309,0.838279405475684,0.9425027918795419,0.6520974013344543,0.9358761821178455,0.8058616711119277,0.8058616711119277,0.8058283719004738,0.8057837707570134,0.8061841187900873,0.8057715372784593,0.8058630650924195,0.805818305238758,0.8061993100981784,0.8055902466092004,0.8055899370450483,0.8058012699226589,0.8542359569997549,0.8551166555077281,1.0,1.0,0.8133443050924986,0.9766319623772178,0.9482832228313655,0.9482832228313655,0.9482832228313655,0.7750405073690398,0.7750405073690398,0.9452573556324821,0.940778494395477,0.8052503337418322,0.35570609475977577,0.3544305813577161,0.7933310236951095,0.8021160407597545,0.8020701618398344,0.8010682736816523,0.8021160407597545,0.8010255751881186,0.8010255751881186,0.8010255751881186,0.8020701618398344,0.8489379045928297,0.4972027072217071,0.43585558712403827,0.8355474329059377,0.3930803412136359,0.8355474329059377,0.3930803412136359,0.8355474329059377,0.3930803412136359,0.8234726752517063,0.20971759991118633,0.22562957400644712
GL_MOW_DE_P1Y_FREQ,0.7927680714075569,0.833004297106501,0.833004297106501,0.833004297106501,0.8330046280981884,0.8330047935941307,0.8330049590901387,0.818927090515263,0.7903005730991176,0.7902824000888138,0.7959453200044042,0.8775024360923405,0.8252196622270718,0.8090528379049309,0.838279405475684,0.9425027918795419,0.6520974013344543,0.9358761821178455,0.8058616711119277,0.8058616711119277,0.8058283719004738,0.8057837707570134,0.8061841187900873,0.8057715372784593,0.8058630650924195,0.805818305238758,0.8061993100981784,0.8055902466092004,0.8055899370450483,0.8058012699226589,0.8542359569997549,0.8551166555077281,1.0,1.0,0.8133443050924986,0.9766319623772178,0.9482832228313655,0.9482832228313655,0.9482832228313655,0.7750405073690398,0.7750405073690398,0.9452573556324821,0.940778494395477,0.8052503337418322,0.35570609475977577,0.3544305813577161,0.7933310236951095,0.8021160407597545,0.8020701618398344,0.8010682736816523,0.8021160407597545,0.8010255751881186,0.8010255751881186,0.8010255751881186,0.8020701618398344,0.8489379045928297,0.4972027072217071,0.43585558712403827,0.8355474329059377,0.3930803412136359,0.8355474329059377,0.3930803412136359,0.8355474329059377,0.3930803412136359,0.8234726752517063,0.20971759991118633,0.22562957400644712
FCCL_DE_P1M,0.9747016932975247,0.9758282047456315,0.9758282047456315,0.9758282047456315,0.9758277977941286,0.9758275943182558,0.9758273908423023,0.9931360121564636,0.9716679248270383,0.9716455812633223,0.9786080937935433,0.9211181161555617,0.9853993480249147,0.9947236770938236,0.9693425032583837,0.8412007240004532,0.3427650624390197,0.6916686928039218,0.9908001642923905,0.9908001642923905,0.9907592231912535,0.9907043864595261,0.9911966110076876,0.9906893455002699,0.990801878179711,0.9907468463151227,0.9912152885935464,0.9904664501432558,0.990466069536728,0.9907259015368874,0.5912927208976502,0.5923755323250603,0.7705083889580148,0.7705083889580148,1.0,0.7417775827342905,0.7069230452790509,0.7069230452790509,0.7069230452790509,0.4939225799439879,0.4939225799439879,0.7032027669418968,0.6976960446239778,0.9900485301243416,0.04809248037493419,0.0479200273184357,0.9753938384124876,0.9861949431963292,0.9861385354491637,0.9849067223634768,0.9861949431963292,0.9848542249238728,0.9848542249238728,0.9848542249238728,0.9861385354491637,0.9562379680075547,0.15232333543248266,0.07689756591081376,0.9727014406144836,0.053145585285391594,0.9727014406144836,0.053145585285391594,0.9727014406144836,0.053145585285391594,0.9875472538557261,0.028354418736677767,0.03050576309983677
CROPTYPES_DE_P1Y,0.7746656552310407,0.8139831091867167,0.8139831091867167,0.8139831091867167,0.8139834326203936,0.8139835943373286,0.8139837560543277,0.8002273477463471,0.7722545008684605,0.7722367428286979,0.7777703531305645,0.8574651580195155,0.8063762320973047,0.7905785681799368,0.8191377634022584,0.9209812669828099,0.6828760044171045,0.9601748552221298,0.7874602698984935,0.7874602698984935,0.7874277310559367,0.7873841483546788,0.7877753546639984,0.7873721942207756,0.7874616320482192,0.7874178942608192,0.7877901990870531,0.7871950432227045,0.787194740727277,0.7874012479366496,0.8803988390513144,0.8812594273006983,0.9771655584660777,0.9771655584660777,0.7947720421109152,1.0,0.9722985880898678,0.9722985880898678,0.9722985880898678,0.8030117732849446,0.8030117732849446,0.9693418148786268,0.9649652259366766,0.7868628920758329,0.3863136845571392,0.38492841652459553,0.7752157528174969,0.7838001689236047,0.783755337623199,0.7827763270215886,0.7838001689236047,0.782734603524309,0.782734603524309,0.782734603524309,0.783755337623199,0.8295528816444742,0.5315182441409897,0.4715719512704657,0.8164681739004283,0.42690388828948755,0.8164681739004283,0.42690388828948755,0.8164681739004283,0.42690388828948755,0.8046691365938887,0.22776325717130208,0.24504441549800804
FOREST_STRUCTURE_DE_AGBD_P1Y,0.7537847532886154,0.7920424159715913,0.7920424159715913,0.7920424159715913,0.7920427306872015,0.7920428880451005,0.7920430454030619,0.7786574373377657,0.7514385909357791,0.7514213115591463,0.7568057649010771,0.8343524180100056,0.7846405801842166,0.7692687379990379,0.7970581278853864,0.8961564675395673,0.7183787233153359,0.988203059052722,0.7662344925992506,0.7662344925992506,0.7662028308323406,0.766160422890936,0.766541084340639,0.7661487909774591,0.766235818032601,0.7661932591853589,0.7665555286363095,0.7659764150363366,0.7659761206945911,0.7661770615583277,0.9105773836899335,0.9114147750172299,0.9508263267342153,0.9508263267342153,0.7733491779812933,0.9730452721100722,1.0,1.0,1.0,0.8352762652234961,0.8352762652234961,0.9971229258061003,0.9928643066281664,0.7656532169332472,0.42161914185194127,0.4201072732786455,0.7543200231443157,0.7626730486501895,0.7626294257652872,0.7616768041280446,0.7626730486501895,0.7616362052762807,0.7616362052762807,0.7616362052762807,0.7626294257652872,0.8071925094494419,0.5711007702814928,0.5127703134233035,0.7944604964421559,0.4659189105356387,0.7944604964421559,0.4659189105356387,0.7944604964421559,0.4659189105356387,0.7829794989755773,0.24857868844085385,0.26743918299533964
FOREST_STRUCTURE_DE_COVER_P1Y,0.7537847532886154,0.7920424159715913,0.7920424159715913,0.7920424159715913,0.7920427306872015,0.7920428880451005,0.7920430454030619,0.7786574373377657,0.7514385909357791,0.7514213115591463,0.7568057649010771,0.8343524180100056,0.7846405801842166,0.7692687379990379,0.7970581278853864,0.8961564675395673,0.7183787233153359,0.988203059052722,0.7662344925992506,0.7662344925992506,0.7662028308323406,0.766160422890936,0.766541084340639,0.7661487909774591,0.766235818032601,0.7661932591853589,0.7665555286363095,0.7659764150363366,0.7659761206945911,0.7661770615583277,0.9105773836899335,0.9114147750172299,0.9508263267342153,0.9508263267342153,0.7733491779812933,0.9730452721100722,1.0,1.0,1.0,0.8352762652234961,0.8352762652234961,0.9971229258061003,0.9928643066281664,0.7656532169332472,0.42161914185194127,0.4201072732786455,0.7543200231443157,0.7626730486501895,0.7626294257652872,0.7616768041280446,0.7626730486501895,0.7616362052762807,0.7616362052762807,0.7616362052762807,0.7626294257652872,0.8071925094494419,0.5711007702814928,0.5127703134233035,0.7944604964421559,0.4659189105356387,0.7944604964421559,0.4659189105356387,0.7944604964421559,0.4659189105356387,0.7829794989755773,0.24857868844085385,0.26743918299533964
FOREST_STRUCTURE_DE_RH95_P1Y,0.7537847532886154,0.7920424159715913,0.7920424159715913,0.7920424159715913,0.7920427306872015,0.7920428880451005,0.7920430454030619,0.7786574373377657,0.7514385909357791,0.7514213115591463,0.7568057649010771,0.8343524180100056,0.7846405801842166,0.7692687379990379,0.7970581278853864,0.8961564675395673,0.7183787233153359,0.988203059052722,0.7662344925992506,0.7662344925992506,0.7662028308323406,0.766160422890936,0.766541084340639,0.7661487909774591,0.766235818032601,0.7661932591853589,0.7665555286363095,0.7659764150363366,0.7659761206945911,0.7661770615583277,0.9105773836899335,0.9114147750172299,0.9508263267342153,0.9508263267342153,0.7733491779812933,0.9730452721100722,1.0,1.0,1.0,0.8352762652234961,0.8352762652234961,0.9971229258061003,0.9928643066281664,0.7656532169332472,0.42161914185194127,0.4201072732786455,0.7543200231443157,0.7626730486501895,0.7626294257652872,0.7616768041280446,0.7626730486501895,0.7616362052762807,0.7616362052762807,0.7616362052762807,0.7626294257652872,0.8071925094494419,0.5711007702814928,0.5127703134233035,0.7944604964421559,0.4659189105356387,0.7944604964421559,0.4659189105356387,0.7944604964421559,0.4659189105356387,0.7829794989755773,0.24857868844085385,0.26743918299533964
N2N_NOISE_AI_DE_2017,0.6471790097359502,0.6800259944248277,0.6800259944248277,0.6800259944248277,0.6800262646310584,0.6800263997342544,0.6800265348375039,0.6685340171995211,0.6451646587935043,0.6451498231924798,0.6497727678283287,0.7163522070494317,0.6736709802988425,0.6604731362726552,0.684332347737665,0.7694154766336316,0.8996349619932907,0.8687012299456827,0.6578680160117811,0.6578680160117811,0.6578408320831253,0.6578044217824347,0.6581312473105296,0.657794434939092,0.6578691539926695,0.6578326141283468,0.6581436487884417,0.657646437662162,0.6576461849483752,0.6578187072879969,0.9353485155165258,0.9346295541849297,0.8163535251702131,0.8163535251702131,0.6639764906393785,0.8354301050598815,0.8585726985222704,0.8585726985222704,0.8585726985222704,1.0,1.0,0.8610428758767756,0.864699210036353,0.6573689485946352,0.6018682774858817,0.5997100601668157,0.6476385778203966,0.6548102574697999,0.6547728040517922,0.653954909122034,0.6548102574697999,0.6539200520563182,0.6539200520563182,0.6539200520563182,0.6547728040517922,0.6930334510649705,0.7731861324241878,0.7231051946734155,0.6821020922996843,0.6651069277842664,0.6821020922996843,0.6651069277842664,0.6821020922996843,0.6651069277842664,0.6722448213230765,0.3548501768075202,0.3817738437932724
N2N_NOISE_DE_2017,0.6471790097359502,0.6800259944248277,0.6800259944248277,0.6800259944248277,0.6800262646310584,0.6800263997342544,0.6800265348375039,0.6685340171995211,0.6451646587935043,0.6451498231924798,0.6497727678283287,0.7163522070494317,0.6736709802988425,0.6604731362726552,0.684332347737665,0.7694154766336316,0.8996349619932907,0.8687012299456827,0.6578680160117811,0.6578680160117811,0.6578408320831253,0.6578044217824347,0.6581312473105296,0.657794434939092,0.6578691539926695,0.6578326141283468,0.6581436487884417,0.657646437662162,0.6576461849483752,0.6578187072879969,0.9353485155165258,0.9346295541849297,0.8163535251702131,0.8163535251702131,0.6639764906393785,0.8354301050598815,0.8585726985222704,0.8585726985222704,0.8585726985222704,1.0,1.0,0.8610428758767756,0.864699210036353,0.6573689485946352,0.6018682774858817,0.5997100601668157,0.6476385778203966,0.6548102574697999,0.6547728040517922,0.653954909122034,0.6548102574697999,0.6539200520563182,0.6539200520563182,0.6539200520563182,0.6547728040517922,0.6930334510649705,0.7731861324241878,0.7231051946734155,0.6821020922996843,0.6651069277842664,0.6821020922996843,0.6651069277842664,0.6821020922996843,0.6651069277842664,0.6722448213230765,0.3548501768075202,0.3817738437932724
SAR4TEC_ASCE,0.7516222802226268,0.7897701885430228,0.7897701885430228,0.7897701885430228,0.7897705023557705,0.7897706592622379,0.7897708161687675,0.7764236090087522,0.7492828485881744,0.7492656187829694,0.7546346250953919,0.8319588107851081,0.7823895872930399,0.767061844162074,0.7947715112802354,0.8935855555975162,0.722055464559487,0.9911057227421937,0.7640363034673421,0.7640363034673421,0.7640047325323546,0.7639624462517167,0.764342015652093,0.7639508477081104,0.7640376250982623,0.7639951883447087,0.7643564185096736,0.7637789662826016,0.7637786727852696,0.76397903718576,0.91370274149927,0.9145377305012566,0.9480985767856721,0.9480985767856721,0.7711305780949294,0.970253779998106,0.9971311796151963,0.9971311796151963,0.9971311796151963,0.8386176484164877,0.8386176484164877,1.0,0.9957535980355748,0.7634566953768186,0.4252754542417475,0.4237504746323352,0.7521560144852537,0.7604850766612814,0.7604415789226007,0.7594916901857299,0.7604850766612814,0.7594512078047796,0.7594512078047796,0.7594512078047796,0.7604415789226007,0.8048768191238725,0.5752000255195395,0.51703690826504,0.7921813319750414,0.46995939379679663,0.7921813319750414,0.46995939379679663,0.7921813319750414,0.46995939379679663,0.7807332714280327,0.2507343812170306,0.26975843537560495
SAR4TEC_DESC,0.7484440857864807,0.7864306877257798,0.7864306877257798,0.7864306877257798,0.7864310002115873,0.7864311564545841,0.7864313126976429,0.7731405434861159,0.7461145463130247,0.7460973893631253,0.7514436931207691,0.8284409176450103,0.7790812949517101,0.7638183643591951,0.79141086263846,0.8898070770774551,0.7274591843787522,0.9953717779976214,0.7608056170007644,0.7608056170007644,0.7607741795617795,0.7607320720864077,0.7611100364979644,0.76072052258662,0.7608069330432392,0.7607646757312184,0.7611243784538354,0.7605493679524857,0.7605490756961916,0.7607485928665778,0.9182960911029368,0.9191275493987826,0.9440895928838569,0.9440895928838569,0.7678698938691804,0.9661511140096439,0.9929148639862582,0.9929148639862582,0.9929148639862582,0.843528491302821,0.843528491302821,0.9957715537181725,1.0,0.7602284597519162,0.43064914970036905,0.42910490075406027,0.7489755631824493,0.7572694063664878,0.7572260925556584,0.7562802203722852,0.7572694063664878,0.756239909168908,0.756239909168908,0.756239909168908,0.7572260925556584,0.801473440730719,0.5812247156739793,0.5233075380363741,0.7888316357673184,0.4758977065655998,0.7888316357673184,0.4758977065655998,0.7888316357673184,0.4758977065655998,0.7774319827293639,0.2539026106368746,0.27316704893334565
WSF3D_MATSTOCK,0.9844989044881574,0.9655337449713285,0.9655337449713285,0.9655337449713285,0.9655333339293537,0.9655331284082438,0.9655329228870523,0.9830155217572184,0.9814346421028525,0.9814120739528718,0.9884445701572211,0.9102737380874247,0.9752010925690073,0.9952778608045659,0.9589828524747421,0.829553056501168,0.3261073703600712,0.6785180045348251,0.9992408107833314,0.9992408107833314,0.9992821634038255,0.9993375513267999,0.9988403791850468,0.9993527434702136,0.9992390796688776,0.9992946646860902,0.998821513861489,0.9995778792592501,0.9995782636914435,0.9993158199907021,0.5771331038434768,0.5782267991467508,0.7581501576618959,0.7581501576618959,0.9899485029542858,0.729130563824293,0.6939256860887922,0.6939256860887922,0.6939256860887922,0.47878424720567814,0.47878424720567814,0.6901680133849228,0.6846059402638939,1.0,0.03152734242003308,0.03141428968244875,0.9851980066976985,0.9961076787543653,0.9960507040248959,0.9948065093736173,0.9961076787543653,0.9947534842561542,0.9947534842561542,0.9947534842561542,0.9960507040248959,0.945746597026554,0.13375141889714726,0.05756750747596062,0.9623755521797537,0.03483993864202739,0.9623755521797537,0.03483993864202739,0.9623755521797537,0.03483993864202739,0.9773705880689317,0.018587926047128223,0.0199982540208975
TDM_FNF_50,0.41170976234540124,0.4326057185747887,0.4326057185747887,0.4326057185747887,0.4326058904693363,0.4326059764166612,0.4326060623640203,0.42529497588824805,0.41042831171842087,0.4104188738941402,0.41335980895032787,0.4557150224020038,0.42856290921887574,0.4201669613501242,0.4353452507171043,0.489471781785616,0.7000088406386478,0.5526334623800877,0.4185096865817054,0.4185096865817054,0.41849239323838283,0.41846923044104445,0.4186771439525707,0.41846287720517394,0.4185104105202665,0.418487165299655,0.41868503328372497,0.41836872717435414,0.4183685664078096,0.4184783183162868,0.5950318370037226,0.5945744621591836,0.5193319171071207,0.5193319171071207,0.42239565723184613,0.5314676848847915,0.5461900901407094,0.5461900901407094,0.5461900901407094,0.6361605616866024,0.6361605616866024,0.547761519554017,0.5500875351466877,0.41819219957329445,1.0,0.9964141367807569,0.4120021214361358,0.4165644611901367,0.41654063480269965,0.41602032230478414,0.4165644611901367,0.41599814761427967,0.41599814761427967,0.41599814761427967,0.41654063480269965,0.4408805494970961,0.7804505990819417,0.8123101165712648,0.4339264501649739,0.8949294178411518,0.4339264501649739,0.8949294178411518,0.4339264501649739,0.8949294178411518,0.4276556431237981,0.5895811261058599,0.6343146134699347
TDM_DEM_90,0.409581323130237,0.4303692523543292,0.4303692523543292,0.4303692523543292,0.43036942336022377,0.4303695088632221,0.4303695943662542,0.42309630442722623,0.4083064972909498,0.4082971082579224,0.4112228393960218,0.4533590867081444,0.4263473433383148,0.41799480047553284,0.4330946217825773,0.4869413318659107,0.6963899653929182,0.5497764819523199,0.4163460934141009,0.4163460934141009,0.41632888947315216,0.41630584642183555,0.4165126850711366,0.41629952603064746,0.41634681361007586,0.4163236885615945,0.41652053361637,0.4162058627325603,0.41620570279713964,0.4163148873149759,0.5919556673036527,0.5915006569756838,0.5166470975590967,0.5166470975590967,0.4202119745422598,0.5287201263725589,0.5433664203783823,0.5433664203783823,0.5433664203783823,0.6328717664952492,0.6328717664952492,0.5449297258842846,0.5472437165427533,0.41603024773621156,0.9964012320912783,1.0,0.4098721707956653,0.4144109243641213,0.4143872211533053,0.41386959854430183,0.4144109243641213,0.41384753849154743,0.41384753849154743,0.41384753849154743,0.4143872211533053,0.4386013044157868,0.7764158595335731,0.8081106710756429,0.4316831560838068,0.8909525252932062,0.4316831560838068,0.8909525252932062,0.4316831560838068,0.8909525252932062,0.42544476758801864,0.5917028917420776,0.6365973645449234
SUPERSITES,0.9992903942103125,0.949991526580412,0.949991526580412,0.949991526580412,0.9499911093627846,0.9499909007538467,0.9499906921448259,0.9677359562961068,0.9961800931698385,0.9961571859473032,0.9967046589239408,0.8939012721257459,0.9598041201219712,0.9801825294357032,0.9433422109585257,0.8119678120116458,0.30095816449053003,0.658663551406613,0.9842050202972601,0.9842050202972601,0.9842469942154094,0.9843032143078151,0.9837985724608227,0.9843186347038273,0.9842032631738777,0.9842596833217411,0.9837794236973969,0.984547153019441,0.9845475432274913,0.9842811564717759,0.5557554050217233,0.556865532423361,0.7394921285918137,0.7394921285918137,0.9747731012658841,0.7100365332289341,0.6743027238868866,0.6743027238868866,0.6743027238868866,0.4559289173824965,0.4559289173824965,0.6704885944648584,0.6648429546206684,0.9849756158643515,0.00651787155752126,0.006494499361635486,1.0,0.9889264168395598,0.9889842475792509,0.99024713548891,0.9889264168395598,0.9903009572761066,0.9903009572761066,0.9903009572761066,0.9889842475792509,0.9299070889239663,0.10571218332204901,0.028383655550714204,0.9467858838871621,0.007202708116506695,0.9467858838871621,0.007202708116506695,0.9467858838871621,0.007202708116506695,0.962006210955667,0.003842814052696819,0.004134381177655744
METOP_GOME2_L3_P1D_BRO,0.9883458640930016,0.9614915364147442,0.9614915364147442,0.9614915364147442,0.9614911237666104,0.9614909174424204,0.9614907111181485,0.979041623778543,0.985269628008629,0.9852469716729114,0.9923069475714443,0.9060155993624303,0.971196659469079,0.9913518782910687,0.9549150461052044,0.8249794992420114,0.31956658367182267,0.6733542731869202,0.9953303136181824,0.9953303136181824,0.9953718278253069,0.9954274321782858,0.9949283173211702,0.9954426836854648,0.9953285757393459,0.9953843779567147,0.9949093782807831,0.9956686991994884,0.9956690851338623,0.9954056159263269,0.571573207892724,0.5726711768438735,0.7532975913898788,0.7532975913898788,0.9860016958118568,0.7241646026010644,0.6888221607281892,0.6888221607281892,0.6888221607281892,0.47284005008715,0.47284005008715,0.685049804803207,0.6794659977112023,0.9960924693899539,0.025022897908098196,0.024933169218850804,0.9890476980658262,1.0,0.9999428026400312,0.9986937462600677,1.0,0.9986405139453352,0.9986405139453352,0.9986405139453352,0.9999428026400312,0.94162706958369,0.12645899544053285,0.04997739305347482,0.9583210028881639,0.027652068358603565,0.9583210028881639,0.027652068358603565,0.9583210028881639,0.027652068358603565,0.9733746323390776,0.01475302832708858,0.01587238981447292
METOP_GOME2_L3_P1D_CF,0.9884023981007599,0.9614321330746076,0.9614321330746076,0.9614321330746076,0.9614317204028701,0.9614315140668783,0.9614313077308045,0.9789832243144899,0.9853259860537399,0.9853033284220657,0.9923637081556796,0.9059530227636505,0.9711378112681118,0.9912941829813502,0.9548552665856678,0.8249122873271147,0.31947046181888905,0.6732783882133124,0.9952728458774777,0.9952728458774777,0.9953143624592409,0.9953699699928239,0.9948708265860232,0.9953852223723989,0.9952711078992333,0.9953269133085242,0.9948518864623112,0.9956112508146526,0.9956116367711023,0.9953481524929617,0.5714915009778869,0.572589532733554,0.753226279224572,0.753226279224572,0.9859436944683206,0.7240916240103956,0.6887471605275198,0.6887471605275198,0.6887471605275198,0.47275269557331734,0.47275269557331734,0.6849745888213957,0.6793904623320981,0.9960350452450407,0.02492731013118543,0.024837924206631445,0.989104272218931,0.9999427993683061,1.0,0.9987508721732226,0.9999427993683061,0.9986976368135679,0.9986976368135679,0.9986976368135679,1.0,0.9415665299835024,0.1263518277115675,0.04986585052853998,0.9582614181915068,0.027546437118323275,0.9582614181915068,0.027546437118323275,0.9582614181915068,0.027546437118323275,0.9733159087195344,0.014696671577934306,0.015811757090708034
METOP_GOME2_L3_P1D_H2O,0.9896385831934794,0.9601332065267384,0.9601332065267384,0.9601332065267384,0.9601327933388764,0.9601325867448222,0.9601323801506859,0.9777062487426537,0.9865583235083731,0.9865356375390233,0.9936048476196623,0.9045847090418372,0.9698510235158592,0.9900326046036226,0.9535481144160011,0.8234426167599092,0.317368640165111,0.6716190706298757,0.9940162435740398,0.9940162435740398,0.994057812080181,0.9941134891615556,0.9936137214810382,0.9941287606171306,0.9940145034221234,0.9940703786266871,0.9935947576691009,0.9943550717509192,0.9943554581900806,0.9940916443747623,0.5697048795424193,0.5708042845955312,0.7516669516768256,0.7516669516768256,0.9846754242875874,0.7224958580378473,0.6871071895844537,0.6871071895844537,0.6871071895844537,0.4708425824915845,0.4708425824915845,0.6833298995602506,0.6777387890592435,0.9947793962168051,0.022837166701566325,0.022755275745459547,0.9903413351386606,0.9986920377294601,0.9987493099014177,1.0,0.9986920377294601,0.9999466980594082,0.9999466980594082,0.9999466980594082,0.9987493099014177,0.9402427577225447,0.12400847449425967,0.04742683705688899,0.9569585260619278,0.025236681101758585,0.9569585260619278,0.025236681101758585,0.9569585260619278,0.025236681101758585,0.9720318450921981,0.013464362460976709,0.014485948569052498
METOP_GOME2_L3_P1D_HCHO,0.9883458640930016,0.9614915364147442,0.9614915364147442,0.9614915364147442,0.9614911237666104,0.9614909174424204,0.9614907111181485,0.979041623778543,0.985269628008629,0.9852469716729114,0.9923069475714443,0.9060155993624303,0.971196659469079,0.9913518782910687,0.9549150461052044,0.8249794992420114,0.31956658367182267,0.6733542731869202,0.9953303136181824,0.9953303136181824,0.9953718278253069,0.9954274321782858,0.9949283173211702,0.9954426836854648,0.9953285757393459,0.9953843779567147,0.9949093782807831,0.9956686991994884,0.9956690851338623,0.9954056159263269,0.571573207892724,0.5726711768438735,0.7532975913898788,0.7532975913898788,0.9860016958118568,0.7241646026010644,0.6888221607281892,0.6888221607281892,0.6888221607281892,0.47284005008715,0.47284005008715,0.685049804803207,0.6794659977112023,0.9960924693899539,0.025022897908098196,0.024933169218850804,0.9890476980658262,1.0,0.9999428026400312,0.9986937462600677,1.0,0.9986405139453352,0.9986405139453352,0.9986405139453352,0.9999428026400312,0.94162706958369,0.12645899544053285,0.04997739305347482,0.9583210028881639,0.027652068358603565,0.9583210028881639,0.027652068358603565,0.9583210028881639,0.027652068358603565,0.9733746323390776,0.01475302832708858,0.01587238981447292
METOP_GOME2_L3_P1D_NO2,0.9896913356622571,0.9600777766541695,0.9600777766541695,0.9600777766541695,0.9600773634442825,0.9600771568392159,0.9600769502340673,0.9776517555972664,0.9866109117845804,0.9865882246059599,0.9936578115093,0.9045263181687283,0.9697961116494048,0.9899787685119453,0.9534923335265338,0.8233799006252731,0.3172789478675576,0.671548261574235,0.9939626198293688,0.9939626198293688,0.9940041905513101,0.9940598706005395,0.9935600762800149,0.9940751428701561,0.9939608795846939,0.9940167577676733,0.9935411114572157,0.9943014660674102,0.9943018525271707,0.9940380246493145,0.5696286379730564,0.5707281016297148,0.7516004095560209,0.7516004095560209,0.9846213026325821,0.7224277609582601,0.687037206119615,0.687037206119615,0.687037206119615,0.47076107108904497,0.47076107108904497,0.6832597147477912,0.6776683062138587,0.9947258131518193,0.022747972755885137,0.022666401637067568,0.9903941250674775,0.9986386632269765,0.9986959384518148,0.9999466952181598,0.9986386632269765,1.0,1.0,1.0,0.9986959384518148,0.9401862675939416,0.1239084751752586,0.04732275557041132,0.9569029269637094,0.025138115496279645,0.9569029269637094,0.025138115496279645,0.9569029269637094,0.025138115496279645,0.971977049473962,0.013411775394040149,0.01442937154587376
METOP_GOME2_L3_P1D_NO2TROPO,0.9896913356622571,0.9600777766541695,0.9600777766541695,0.9600777766541695,0.9600773634442825,0.9600771568392159,0.9600769502340673,0.9776517555972664,0.9866109117845804,0.9865882246059599,0.9936578115093,0.9045263181687283,0.9697961116494048,0.9899787685119453,0.9534923335265338,0.8233799006252731,0.3172789478675576,0.671548261574235,0.9939626198293688,0.9939626198293688,0.9940041905513101,0.9940598706005395,0.9935600762800149,0.9940751428701561,0.9939608795846939,0.9940167577676733,0.9935411114572157,0.9943014660674102,0.9943018525271707,0.9940380246493145,0.5696286379730564,0.5707281016297148,0.7516004095560209,0.7516004095560209,0.9846213026325821,0.7224277609582601,0.687037206119615,0.687037206119615,0.687037206119615,0.47076107108904497,0.47076107108904497,0.6832597147477912,0.6776683062138587,0.9947258131518193,0.022747972755885137,0.022666401637067568,0.9903941250674775,0.9986386632269765,0.9986959384518148,0.9999466952181598,0.9986386632269765,1.0,1.0,1.0,0.9986959384518148,0.9401862675939416,0.1239084751752586,0.04732275557041132,0.9569029269637094,0.025138115496279645,0.9569029269637094,0.025138115496279645,0.9569029269637094,0.025138115496279645,0.971977049473962,0.013411775394040149,0.01442937154587376
METOP_GOME2_L3_P1D_O3,0.9896913356622571,0.9600777766541695,0.9600777766541695,0.9600777766541695,0.9600773634442825,0.9600771568392159,0.9600769502340673,0.9776517555972664,0.9866109117845804,0.9865882246059599,0.9936578115093,0.9045263181687283,0.9697961116494048,0.9899787685119453,0.9534923335265338,0.8233799006252731,0.3172789478675576,0.671548261574235,0.9939626198293688,0.9939626198293688,0.9940041905513101,0.9940598706005395,0.9935600762800149,0.9940751428701561,0.9939608795846939,0.9940167577676733,0.9935411114572157,0.9943014660674102,0.9943018525271707,0.9940380246493145,0.5696286379730564,0.5707281016297148,0.7516004095560209,0.7516004095560209,0.9846213026325821,0.7224277609582601,0.687037206119615,0.687037206119615,0.687037206119615,0.47076107108904497,0.47076107108904497,0.6832597147477912,0.6776683062138587,0.9947258131518193,0.022747972755885137,0.022666401637067568,0.9903941250674775,0.9986386632269765,0.9986959384518148,0.9999466952181598,0.9986386632269765,1.0,1.0,1.0,0.9986959384518148,0.9401862675939416,0.1239084751752586,0.04732275557041132,0.9569029269637094,0.025138115496279645,0.9569029269637094,0.025138115496279645,0.9569029269637094,0.025138115496279645,0.971977049473962,0.013411775394040149,0.01442937154587376
METOP_GOME2_L3_P1D_SO2,0.9884023981007599,0.9614321330746076,0.9614321330746076,0.9614321330746076,0.9614317204028701,0.9614315140668783,0.9614313077308045,0.9789832243144899,0.9853259860537399,0.9853033284220657,0.9923637081556796,0.9059530227636505,0.9711378112681118,0.9912941829813502,0.9548552665856678,0.8249122873271147,0.31947046181888905,0.6732783882133124,0.9952728458774777,0.9952728458774777,0.9953143624592409,0.9953699699928239,0.9948708265860232,0.9953852223723989,0.9952711078992333,0.9953269133085242,0.9948518864623112,0.9956112508146526,0.9956116367711023,0.9953481524929617,0.5714915009778869,0.572589532733554,0.753226279224572,0.753226279224572,0.9859436944683206,0.7240916240103956,0.6887471605275198,0.6887471605275198,0.6887471605275198,0.47275269557331734,0.47275269557331734,0.6849745888213957,0.6793904623320981,0.9960350452450407,0.02492731013118543,0.024837924206631445,0.989104272218931,0.9999427993683061,1.0,0.9987508721732226,0.9999427993683061,0.9986976368135679,0.9986976368135679,0.9986976368135679,1.0,0.9415665299835024,0.1263518277115675,0.04986585052853998,0.9582614181915068,0.027546437118323275,0.9582614181915068,0.027546437118323275,0.9582614181915068,0.027546437118323275,0.9733159087195344,0.014696671577934306,0.015811757090708034
GWP_P1D,0.9338351687663031,0.9812311272707622,0.9812311272707622,0.9812311272707622,0.9812315171599232,0.9812317121046199,0.981231907049394,0.9646489879704917,0.9309285977496364,0.9309071909892532,0.9375777847805701,0.9663526256219989,0.9720612753448278,0.9530176866033228,0.9874449013767883,0.88978594691023,0.4122483029992269,0.7465233768864015,0.9492586757548983,0.9492586757548983,0.9492194511999883,0.9491669136195373,0.9496385005647167,0.9491525032857686,0.9492603177837018,0.9492075932517668,0.9496563950514735,0.9489389533096418,0.9489385886608844,0.949187526629689,0.6503558896339066,0.6513933017970441,0.8220575443858603,0.8220575443858603,0.9580727880004337,0.7945313407655967,0.7611381568913896,0.7611381568913896,0.7611381568913896,0.5570682072224362,0.5570682072224362,0.7575738594527748,0.752298018648902,0.9485385555119593,0.11718965542045034,0.11676942934540246,0.9344982941662966,0.9448465387400365,0.944792496012445,0.9436123294151453,0.9448465387400365,0.9435620330468211,0.9435620330468211,0.9435620330468211,0.944792496012445,1.0,0.22979126665445648,0.157527889361753,0.9842267948993109,0.12950284073847196,0.9842267948993109,0.12950284073847196,0.9842267948993109,0.12950284073847196,0.9700034252171399,0.06909280901074677,0.07433511098069778
GWP_P1M,0.5275282802392656,0.554302500483273,0.554302500483273,0.554302500483273,0.5543027207336614,0.5543028308589212,0.5543029409842247,0.5449351648759451,0.5258863433524366,0.5258742505636147,0.5296425032366822,0.5839127075282788,0.5491224040611951,0.5383645830298218,0.5578126933712511,0.6271656173515539,0.8969290836115456,0.7080953785289685,0.5362410985064345,0.5362410985064345,0.5362189403540252,0.5361892616051513,0.5364556634911528,0.5361811211336367,0.5362420260969342,0.5362122417382076,0.5364657721785746,0.5360604856559645,0.5360602796640097,0.5362009060003932,0.7624208857084221,0.7618348462523988,0.6654257395894374,0.6654257395894374,0.541220235757033,0.6809754333073312,0.6998394142860582,0.6998394142860582,0.6998394142860582,0.8151195763510588,0.8151195763510588,0.7018529042047745,0.7048332537559272,0.5358342988848,0.8041738930280066,0.8012902354431218,0.5279028831815638,0.533748659659111,0.5337181306448916,0.5330514484762474,0.533748659659111,0.5330230357996084,0.5330230357996084,0.5330230357996084,0.5337181306448916,0.564905133029191,1.0,0.9591780472373267,0.5559947685034895,0.8886689121254066,0.5559947685034895,0.8886689121254066,0.5559947685034895,0.8886689121254066,0.5479599139610594,0.4741257494363854,0.5100992521186727
GWP_P1Y,0.5068381569384055,0.5325622687069363,0.5325622687069363,0.5325622687069363,0.5325624803189106,0.5325625861249609,0.5325626919310531,0.5235623282440511,0.505260618260949,0.5052489997619446,0.5088694582496478,0.5610111373788651,0.5275853402242805,0.5172494503991107,0.5359347887413772,0.6025676300224609,0.8617507357822438,0.6803232547598153,0.515209250807095,0.515209250807095,0.515187961716919,0.5151594469946893,0.5154154003643259,0.5151516257996298,0.515210142016679,0.5151815258267077,0.5154251125801328,0.515035721751534,0.5150355238387649,0.5151706346865043,0.732518067748969,0.7319550132760423,0.6393271566027074,0.6393271566027074,0.5199931019137922,0.654266977651466,0.6723910966985864,0.6723910966985864,0.6723910966985864,0.7831498693772471,0.7831498693772471,0.674325615771106,0.6771890733905785,0.5148184062245469,0.839156781537173,0.8361476800990804,0.5071980676237096,0.5128145676043553,0.5127852359649347,0.5121447016575303,0.5128145676043553,0.5121174033510681,0.5121174033510681,0.5121174033510681,0.5127852359649347,0.5427490566755944,0.9607791201421926,1.0,0.5341881644864447,0.9273274730958291,0.5341881644864447,0.9273274730958291,0.5341881644864447,0.9273274730958291,0.5264684440086982,0.4947510002380554,0.5322894095214263
GSP_SCDE_MEAN,0.9488007983585096,0.9969563238431696,0.9969563238431696,0.9969563238431696,0.9969567199806889,0.9969569180495667,0.9969571161185231,0.9801084394061614,0.9458476466746397,0.9458258968498086,0.9526033934856314,0.9497874069931755,0.9876395159961809,0.968290734962991,0.9967303201923021,0.8719936717397051,0.3868030161044288,0.7264351777358056,0.9644714822583246,0.9644714822583246,0.9644316290912361,0.9643782495442422,0.9648573941353298,0.9643636082706624,0.9644731506022591,0.9644195811076993,0.9648755753988856,0.9641466359455505,0.9641462654529371,0.9643991928982115,0.6287265116530729,0.6297805493692924,0.803179854766455,0.803179854766455,0.9734268493456808,0.775212516584934,0.7412841740044789,0.7412841740044789,0.7412841740044789,0.5339438021242047,0.5339438021242047,0.737662755184054,0.7323023638279006,0.9637398213782602,0.09188574862972199,0.09155625890333818,0.9494745509970579,0.9599886363962454,0.9599337275806434,0.9587346476496603,0.9599886363962454,0.9586835452324279,0.9586835452324279,0.9586835452324279,0.9599337275806434,0.9839740137309483,0.20142192580050522,0.1280004566155536,1.0,0.10154023773034859,1.0,0.10154023773034859,1.0,0.10154023773034859,0.9855486867906029,0.054174103150191555,0.0582844731254577
GSP_SCDE_P1Y,0.4679437049855053,0.49169376405986664,0.49169376405986664,0.49169376405986664,0.49169395943286676,0.49169405711942504,0.4916941548060221,0.4833844735551992,0.4664872256668485,0.46647649876439246,0.4698191254693663,0.5179594838497961,0.4870987620424774,0.47755604211719016,0.49480747895770905,0.5563269565186116,0.7956205083527961,0.628115661897165,0.4756724062012113,0.4756724062012113,0.4756527508228695,0.47562642430308366,0.47586273596678075,0.475619203301777,0.4756732290199138,0.47564680881895927,0.4758717028730527,0.4755121936598502,0.4755120109347867,0.4756367534582321,0.6763050766774306,0.6757852306623604,0.5902655793827228,0.5902655793827228,0.48008914748306175,0.6040589276491717,0.620792212821974,0.620792212821974,0.620792212821974,0.72305142463818,0.72305142463818,0.6225782780772581,0.6252219957002938,0.47531155479425347,0.9049195735953952,0.9016746557800662,0.46827599634368244,0.47346148953123224,0.47343440878398413,0.4728430286898182,0.47346148953123224,0.4728178252387937,0.4728178252387937,0.4728178252387937,0.47343440878398413,0.5010988241144413,0.8870495147165665,0.9232606081044784,0.49319488958597,1.0,0.49319488958597,1.0,0.49319488958597,1.0,0.4860675757632893,0.5335235012356077,0.5740037095465412
GSP_SCDL_MEAN,0.9488007983585096,0.9969563238431696,0.9969563238431696,0.9969563238431696,0.9969567199806889,0.9969569180495667,0.9969571161185231,0.9801084394061614,0.9458476466746397,0.9458258968498086,0.9526033934856314,0.9497874069931755,0.9876395159961809,0.968290734962991,0.9967303201923021,0.8719936717397051,0.3868030161044288,0.7264351777358056,0.9644714822583246,0.9644714822583246,0.9644316290912361,0.9643782495442422,0.9648573941353298,0.9643636082706624,0.9644731506022591,0.9644195811076993,0.9648755753988856,0.9641466359455505,0.9641462654529371,0.9643991928982115,0.6287265116530729,0.6297805493692924,0.803179854766455,0.803179854766455,0.9734268493456808,0.775212516584934,0.7412841740044789,0.7412841740044789,0.7412841740044789,0.5339438021242047,0.5339438021242047,0.737662755184054,0.7323023638279006,0.9637398213782602,0.09188574862972199,0.09155625890333818,0.9494745509970579,0.9599886363962454,0.9599337275806434,0.9587346476496603,0.9599886363962454,0.9586835452324279,0.9586835452324279,0.9586835452324279,0.9599337275806434,0.9839740137309483,0.20142192580050522,0.1280004566155536,1.0,0.10154023773034859,1.0,0.10154023773034859,1.0,0.10154023773034859,0.9855486867906029,0.054174103150191555,0.0582844731254577
GSP_SCDL_P1Y,0.4679437049855053,0.49169376405986664,0.49169376405986664,0.49169376405986664,0.49169395943286676,0.49169405711942504,0.4916941548060221,0.4833844735551992,0.4664872256668485,0.46647649876439246,0.4698191254693663,0.5179594838497961,0.4870987620424774,0.47755604211719016,0.49480747895770905,0.5563269565186116,0.7956205083527961,0.628115661897165,0.4756724062012113,0.4756724062012113,0.4756527508228695,0.47562642430308366,0.47586273596678075,0.475619203301777,0.4756732290199138,0.47564680881895927,0.4758717028730527,0.4755121936598502,0.4755120109347867,0.4756367534582321,0.6763050766774306,0.6757852306623604,0.5902655793827228,0.5902655793827228,0.48008914748306175,0.6040589276491717,0.620792212821974,0.620792212821974,0.620792212821974,0.72305142463818,0.72305142463818,0.6225782780772581,0.6252219957002938,0.47531155479425347,0.9049195735953952,0.9016746557800662,0.46827599634368244,0.47346148953123224,0.47343440878398413,0.4728430286898182,0.47346148953123224,0.4728178252387937,0.4728178252387937,0.4728178252387937,0.47343440878398413,0.5010988241144413,0.8870495147165665,0.9232606081044784,0.49319488958597,1.0,0.49319488958597,1.0,0.49319488958597,1.0,0.4860675757632893,0.5335235012356077,0.5740037095465412
GSP_SCD_MEAN,0.9488007983585096,0.9969563238431696,0.9969563238431696,0.9969563238431696,0.9969567199806889,0.9969569180495667,0.9969571161185231,0.9801084394061614,0.9458476466746397,0.9458258968498086,0.9526033934856314,0.9497874069931755,0.9876395159961809,0.968290734962991,0.9967303201923021,0.8719936717397051,0.3868030161044288,0.7264351777358056,0.9644714822583246,0.9644714822583246,0.9644316290912361,0.9643782495442422,0.9648573941353298,0.9643636082706624,0.9644731506022591,0.9644195811076993,0.9648755753988856,0.9641466359455505,0.9641462654529371,0.9643991928982115,0.6287265116530729,0.6297805493692924,0.803179854766455,0.803179854766455,0.9734268493456808,0.775212516584934,0.7412841740044789,0.7412841740044789,0.7412841740044789,0.5339438021242047,0.5339438021242047,0.737662755184054,0.7323023638279006,0.9637398213782602,0.09188574862972199,0.09155625890333818,0.9494745509970579,0.9599886363962454,0.9599337275806434,0.9587346476496603,0.9599886363962454,0.9586835452324279,0.9586835452324279,0.9586835452324279,0.9599337275806434,0.9839740137309483,0.20142192580050522,0.1280004566155536,1.0,0.10154023773034859,1.0,0.10154023773034859,1.0,0.10154023773034859,0.9855486867906029,0.054174103150191555,0.0582844731254577
GSP_SCD_P1Y,0.4679437049855053,0.49169376405986664,0.49169376405986664,0.49169376405986664,0.49169395943286676,0.49169405711942504,0.4916941548060221,0.4833844735551992,0.4664872256668485,0.46647649876439246,0.4698191254693663,0.5179594838497961,0.4870987620424774,0.47755604211719016,0.49480747895770905,0.5563269565186116,0.7956205083527961,0.628115661897165,0.4756724062012113,0.4756724062012113,0.4756527508228695,0.47562642430308366,0.47586273596678075,0.475619203301777,0.4756732290199138,0.47564680881895927,0.4758717028730527,0.4755121936598502,0.4755120109347867,0.4756367534582321,0.6763050766774306,0.6757852306623604,0.5902655793827228,0.5902655793827228,0.48008914748306175,0.6040589276491717,0.620792212821974,0.620792212821974,0.620792212821974,0.72305142463818,0.72305142463818,0.6225782780772581,0.6252219957002938,0.47531155479425347,0.9049195735953952,0.9016746557800662,0.46827599634368244,0.47346148953123224,0.47343440878398413,0.4728430286898182,0.47346148953123224,0.4728178252387937,0.4728178252387937,0.4728178252387937,0.47343440878398413,0.5010988241144413,0.8870495147165665,0.9232606081044784,0.49319488958597,1.0,0.49319488958597,1.0,0.49319488958597,1.0,0.4860675757632893,0.5335235012356077,0.5740037095465412
GSP_SCE_P1D,0.9627132693446517,0.9884250903020173,0.9884250903020173,0.9884250903020173,0.988424688355848,0.9884244873826435,0.9884242864093593,0.9944799810934176,0.9597168149599509,0.9596947462127416,0.966571622745238,0.9343879129636947,0.9978785125142963,0.9824889910981347,0.9820191602357032,0.8554534713717705,0.3631483603830086,0.70776062173904,0.9786137358663474,0.9786137358663474,0.9785732983236641,0.9785191360608461,0.979005306452537,0.9785042800991102,0.9786154286735692,0.9785610736779431,0.9790237543118864,0.9782841262619432,0.9782837503367166,0.978540386511737,0.6086192323867627,0.6096887256856194,0.785630622540893,0.785630622540893,0.9877004174350875,0.757253193240474,0.7228273520464269,0.7228273520464269,0.7228273520464269,0.5124467035211173,0.5124467035211173,0.719152831579845,0.7137138396477374,0.9778713464848069,0.06836252383700203,0.06811738517720034,0.9633969013636263,0.9740651570673867,0.9740094431119649,0.9727927808130298,0.9740651570673867,0.9727409290700186,0.9727409290700186,0.9727409290700186,0.9740094431119649,0.9690758052981666,0.175048987121593,0.10055092307967795,0.9853367840644615,0.07554541401440407,0.9853367840644615,0.07554541401440407,0.9853367840644615,0.07554541401440407,1.0,0.040305253787258355,0.04336334788349705
WSF_Evolution,0.0,0.0,0.0,0.0,1.1102230246251565e-16,0.0,0.0,0.0,0.0,0.0,0.0,0.0,0.0,0.0,0.0,0.0,0.0,0.0,0.0,0.0,0.0,0.0,0.0,0.0,0.0,0.0,0.0,1.1102230246251565e-16,0.0,0.0,0.0,0.0,0.0,0.0,0.0,1.1102230246251565e-16,0.0,0.0,0.0,0.0,0.0,0.0,1.1102230246251565e-16,0.0,0.30388057602025564,0.3099626282781486,0.0,0.0,0.0,0.0,0.0,0.0,0.0,0.0,0.0,0.0,0.0,0.0,0.0,0.1256683207317737,0.0,0.1256683207317737,0.0,0.1256683207317737,1.1102230246251565e-16,1.0,0.9241266631794401
TIMELINE_AVHRR_P1M_LSTD,0.07074436947753504,0.07433493589902784,0.07433493589902784,0.07433493589902784,0.07433496543578533,0.07433498020417284,0.07433499497256613,0.0730787259932304,0.07052417694164304,0.07052255523385509,0.0710278981119038,0.0783058233489824,0.07364025720796974,0.07219757575500296,0.07480567157691775,0.08410627035464513,0.12028299688005828,0.09495938504238643,0.07191280510036768,0.07191280510036768,0.07190983357338099,0.0719058534941045,0.07194157941470192,0.07190476181324834,0.07191292949522476,0.07190893525310105,0.07194293504385918,0.07188858394919029,0.07188855632456514,0.07190741506991027,0.10224472669310247,0.10216613566138277,0.08923715778806351,0.08923715778806351,0.07258053408956222,0.09132245504860526,0.09385221599255111,0.09385221599255111,0.09385221599255111,0.10931190352789533,0.10931190352789533,0.09412223578122358,0.09452191662814113,0.07185825109101074,0.4234952517810816,0.42914838217268214,0.07079460573964647,0.07157855569361515,0.07157446158919889,0.0714850559375414,0.07157855569361515,0.07148124564533653,0.07148124564533653,0.07148124564533653,0.07157446158919889,0.07575680574441834,0.13410535913913124,0.1395798017751303,0.07456187810963866,0.25785098010953145,0.07456187810963866,0.25785098010953145,0.07456187810963866,0.25785098010953145,0.07348436105559542,0.9294774447661449,1.0
